Money	you get paid	i have no need for money.
Money	stock market	buy low, sell high.
Money	stock market	invest in yourself.
Money	stock market	why not just take everything to a casino?
Money	stock market	i wouldn't recommend buying on the margin.
Money	stock market	you can never really predict the stock market.
Money	stock market	my lawyer said i shouldn't give stock tips online.
Money	stock market	mutual funds might be better unless you are wealthy.
Money	stock market	i'm not sure an individual alone can really beat the market.
Money	interest rates	that all depends on the actions of the central bank.
Money	what is a dollar	'dollar: unit of currency in the united states.'
Money	what is money	standard pieces of gold, silver, copper, nickel, etc. stamped by government authority
Money	what is money	ed as money, as bank notes, checks, etc.
Money	what is the stock market	trading shares.
Money	what is the stock market	trading in volume.
Money	what is the stock market	buy low and sell high.
Money	what is your favorite investment	what is your favorite stock
Money	what is your favorite investment	what is your favorite stock
Money	what is economics	the science that deals with the production, distribution, and consumption of wealth,
Money	what is economics	d with the various related problems of labor, finance, taxation, etc.
Money	what is economics	arcity.
Money	what is economics	it's about how resources are used to produce things to fill  people's wants and
Money	i get stock	eds.
Money	money	do you feel that the stock market is going up?
Money	how much do you earn	how much money are we talking about?
Money	how much do you earn	nobody pays me.  i work for free.
Money	how much do you earn	money isn't everything.
Money	how much do you charge	i'm expecting a raise soon.
Money	how much money do you have	work for free.  we don't need money.
Money	how much money	no need for material possessions.
Money	how much money	it depends on the exchange rates.
Money	1 dollar	my burn rate is about _3000 per month.
Money	who is the owner of a publicly	you can't buy much for a dollar anymore.
