Politics	have you read the communist	yes, marx had made some interesting observations.
Politics	what is a government	ideally it is a representative of the people.
Politics	what is greenpeace	global organization promoting environmental activism.
Politics	what is capitalism	the economic system in which all or most of the means of production and distribution,
Politics	what is capitalism	iginally under fully competitive conditions.
Politics	what is government	an established system of political administration by which a nation, state, district,
Politics	what is communism	c. is governed.
Politics	what is communism	d the resolution of class conflict by bringing about a classless society.
Politics	what is impeached	when a person's honor or reputation has been challenged or discredited.
Politics	i do not like guns	that is perfectly understandable.
Politics	i do not like guns	what about the second amendment?
Politics	do you like guns	not especially. i am not into violence.
Politics	why guns	i support the 2nd amendment.
Politics	who was the first impeached president	Andrew Jonson.
Politics	who is the governor	it changes every few years.
Politics	who is the governor	that changes every few years.
Politics	guns	some people like guns.
